{
    "dog_skins" : [
        {
            "skin_name" : "Ashen Wolf",
            "skin_id" : "wolf_ashen",
            "use_model" : "default",
            "author" : "Mojang",
            "tags": "Snapshot 24w10a New Wolves"
        },
        {
            "skin_name" : "Ashen Wolf (Tame)",
            "skin_id" : "wolf_ashen_tame",
            "use_model" : "default",
            "author" : "Mojang",
            "tags": "Snapshot 24w10a New Wolves"
        },
        {
            "skin_name" : "Ashen Wolf (Angry)",
            "skin_id" : "wolf_ashen_angry",
            "use_model" : "default",
            "author" : "Mojang",
            "tags": "Snapshot 24w10a New Wolves"
        },

        {
            "skin_name" : "Black Wolf",
            "skin_id" : "wolf_black",
            "use_model" : "default",
            "author" : "Mojang",
            "tags": "Snapshot 24w10a New Wolves"
        },
        {
            "skin_name" : "Black Wolf (Tame)",
            "skin_id" : "wolf_black_tame",
            "use_model" : "default",
            "author" : "Mojang",
            "tags": "Snapshot 24w10a New Wolves"
        },
        {
            "skin_name" : "Black Wolf (Angry)",
            "skin_id" : "wolf_black_angry",
            "use_model" : "default",
            "author" : "Mojang",
            "tags": "Snapshot 24w10a New Wolves"
        },

        {
            "skin_name" : "Chestnut Wolf",
            "skin_id" : "wolf_chestnut",
            "use_model" : "default",
            "author" : "Mojang",
            "tags": "Snapshot 24w10a New Wolves"
        },
        {
            "skin_name" : "Chestnut Wolf (Tame)",
            "skin_id" : "wolf_chestnut_tame",
            "use_model" : "default",
            "author" : "Mojang",
            "tags": "Snapshot 24w10a New Wolves"
        },
        {
            "skin_name" : "Chestnut Wolf (Angry)",
            "skin_id" : "wolf_chestnut_angry",
            "use_model" : "default",
            "author" : "Mojang",
            "tags": "Snapshot 24w10a New Wolves"
        },

        {
            "skin_name" : "Rusty Wolf",
            "skin_id" : "wolf_rusty",
            "use_model" : "default",
            "author" : "Mojang",
            "tags": "Snapshot 24w10a New Wolves"
        },
        {
            "skin_name" : "Rusty Wolf (Tame)",
            "skin_id" : "wolf_rusty_tame",
            "use_model" : "default",
            "author" : "Mojang",
            "tags": "Snapshot 24w10a New Wolves"
        },
        {
            "skin_name" : "Rusty Wolf (Angry)",
            "skin_id" : "wolf_rusty_angry",
            "use_model" : "default",
            "author" : "Mojang",
            "tags": "Snapshot 24w10a New Wolves"
        },

        {
            "skin_name" : "Snowy Wolf",
            "skin_id" : "wolf_snowy",
            "use_model" : "default",
            "author" : "Mojang",
            "tags": "Snapshot 24w10a New Wolves"
        },
        {
            "skin_name" : "Snowy Wolf (Tame)",
            "skin_id" : "wolf_snowy_tame",
            "use_model" : "default",
            "author" : "Mojang",
            "tags": "Snapshot 24w10a New Wolves"
        },
        {
            "skin_name" : "Snowy Wolf (Angry)",
            "skin_id" : "wolf_snowy_angry",
            "use_model" : "default",
            "author" : "Mojang",
            "tags": "Snapshot 24w10a New Wolves"
        },

        {
            "skin_name" : "Spotted Wolf",
            "skin_id" : "wolf_spotted",
            "use_model" : "default",
            "author" : "Mojang",
            "tags": "Snapshot 24w10a New Wolves"
        },
        {
            "skin_name" : "Spotted Wolf (Tame)",
            "skin_id" : "wolf_spotted_tame",
            "use_model" : "default",
            "author" : "Mojang",
            "tags": "Snapshot 24w10a New Wolves"
        },
        {
            "skin_name" : "Spotted Wolf (Angry)",
            "skin_id" : "wolf_spotted_angry",
            "use_model" : "default",
            "author" : "Mojang",
            "tags": "Snapshot 24w10a New Wolves"
        },

        {
            "skin_name" : "Striped Wolf",
            "skin_id" : "wolf_striped",
            "use_model" : "default",
            "author" : "Mojang",
            "tags": "Snapshot 24w10a New Wolves"
        },
        {
            "skin_name" : "Striped Wolf (Tame)",
            "skin_id" : "wolf_striped_tame",
            "use_model" : "default",
            "author" : "Mojang",
            "tags": "Snapshot 24w10a New Wolves"
        },
        {
            "skin_name" : "Striped Wolf (Angry)",
            "skin_id" : "wolf_striped_angry",
            "use_model" : "default",
            "author" : "Mojang",
            "tags": "Snapshot 24w10a New Wolves"
        },

        {
            "skin_name" : "Woods Wolf",
            "skin_id" : "wolf_woods",
            "use_model" : "default",
            "author" : "Mojang",
            "tags": "Snapshot 24w10a New Wolves"
        },
        {
            "skin_name" : "Woods Wolf (Tame)",
            "skin_id" : "wolf_woods_tame",
            "use_model" : "default",
            "author" : "Mojang",
            "tags": "Snapshot 24w10a New Wolves"
        },
        {
            "skin_name" : "Woods Wolf (Angry)",
            "skin_id" : "wolf_woods_angry",
            "use_model" : "default",
            "author" : "Mojang",
            "tags": "Snapshot 24w10a New Wolves"
        },



        {
            "skin_name" : "Cherry Wolf",
            "skin_id" : "cherry",
            "use_model" : "default",
            "author" : "Mojang",
            "tags": "Complementary DTN Wolf Variants"
        },
        {
            "skin_name" : "Cherry Wolf (Tame)",
            "skin_id" : "cherry_tame",
            "use_model" : "default",
            "author" : "Mojang",
            "tags": "Complementary DTN Wolf Variants"
        },
        {
            "skin_name" : "Cherry Wolf (Angry)",
            "skin_id" : "cherry_angry",
            "use_model" : "default",
            "author" : "Mojang",
            "tags": "Complementary DTN Wolf Variants"
        },

        {
            "skin_name" : "Himalayan Salt Wolf",
            "skin_id" : "himalayan_salt",
            "use_model" : "default",
            "author" : "Mojang",
            "tags": "Complementary DTN Wolf Variants"
        },
        {
            "skin_name" : "Himalayan Salt Wolf (Tame)",
            "skin_id" : "himalayan_salt_tame",
            "use_model" : "default",
            "author" : "Mojang",
            "tags": "Complementary DTN Wolf Variants"
        },
        {
            "skin_name" : "Himalayan Salt Wolf (Angry)",
            "skin_id" : "himalayan_salt_angry",
            "use_model" : "default",
            "author" : "Mojang",
            "tags": "Complementary DTN Wolf Variants"
        },

        {
            "skin_name" : "Lemony Lime Wolf",
            "skin_id" : "lemony_lime",
            "use_model" : "default",
            "author" : "Mojang",
            "tags": "Complementary DTN Wolf Variants"
        },
        {
            "skin_name" : "Lemony Lime Wolf (Tame)",
            "skin_id" : "lemony_lime_tame",
            "use_model" : "default",
            "author" : "Mojang",
            "tags": "Complementary DTN Wolf Variants"
        },
        {
            "skin_name" : "Lemony Lime Wolf (Angry)",
            "skin_id" : "lemony_lime_angry",
            "use_model" : "default",
            "author" : "Mojang",
            "tags": "Complementary DTN Wolf Variants"
        },

        {
            "skin_name" : "Bamboo Wolf",
            "skin_id" : "bamboo",
            "use_model" : "default",
            "author" : "Mojang",
            "tags": "Complementary DTN Wolf Variants"
        },
        {
            "skin_name" : "Bamboo Wolf (Tame)",
            "skin_id" : "bamboo_tame",
            "use_model" : "default",
            "author" : "Mojang",
            "tags": "Complementary DTN Wolf Variants"
        },
        {
            "skin_name" : "Bamboo Wolf (Angry)",
            "skin_id" : "bamboo_angry",
            "use_model" : "default",
            "author" : "Mojang",
            "tags": "Complementary DTN Wolf Variants"
        },

        {
            "skin_name" : "Birch Wolf",
            "skin_id" : "birch",
            "use_model" : "default",
            "author" : "Mojang",
            "tags": "Complementary DTN Wolf Variants"
        },
        {
            "skin_name" : "Birch Wolf (Tame)",
            "skin_id" : "birch_tame",
            "use_model" : "default",
            "author" : "Mojang",
            "tags": "Complementary DTN Wolf Variants"
        },
        {
            "skin_name" : "Birch Wolf (Angry)",
            "skin_id" : "birch_angry",
            "use_model" : "default",
            "author" : "Mojang",
            "tags": "Complementary DTN Wolf Variants"
        },

        {
            "skin_name" : "Crimson Wolf",
            "skin_id" : "crimson",
            "use_model" : "default",
            "author" : "Mojang",
            "tags": "Complementary DTN Wolf Variants"
        },
        {
            "skin_name" : "Crimson Wolf (Tame)",
            "skin_id" : "crimson_tame",
            "use_model" : "default",
            "author" : "Mojang",
            "tags": "Complementary DTN Wolf Variants"
        },

        {
            "skin_name" : "Crimson Wolf (Angry)",
            "skin_id" : "crimson_angry",
            "use_model" : "default",
            "author" : "Mojang",
            "tags": "Complementary DTN Wolf Variants"
        },

        {
            "skin_name" : "Warped Wolf",
            "skin_id" : "warped",
            "use_model" : "default",
            "author" : "Mojang",
            "tags": "Complementary DTN Wolf Variants"
        },
        {
            "skin_name" : "Warped Wolf (Tame)",
            "skin_id" : "warped_tame",
            "use_model" : "default",
            "author" : "Mojang",
            "tags": "Complementary DTN Wolf Variants"
        },

        {
            "skin_name" : "Warped Wolf (Angry)",
            "skin_id" : "warped_angry",
            "use_model" : "default",
            "author" : "Mojang",
            "tags": "Complementary DTN Wolf Variants"
        },

        {
            "skin_name" : "VSC Wolf",
            "skin_id" : "vscode",
            "use_model" : "default",
            "author" : "Mojang",
            "tags": "Complementary DTN Wolf Variants"
        },
        {
            "skin_name" : "VSC Wolf (Tame)",
            "skin_id" : "vscode_tame",
            "use_model" : "default",
            "author" : "Mojang",
            "tags": "Complementary DTN Wolf Variants"
        },

        {
            "skin_name" : "VSC Wolf (Angry)",
            "skin_id" : "vscode_angry",
            "use_model" : "default",
            "author" : "Mojang",
            "tags": "Complementary DTN Wolf Variants"
        }
    ]
}